,channel1,channel2,channel3,channel4,channel5,channel6,channel7,channel8
channel1,1.0,0.3562358364366213,0.13916771353704638,0.06308431727372492,0.0435187686435761,0.07147088030973174,0.10987766735810196,0.31889655475676737
channel2,0.3562358364366213,1.0,0.41678796706900517,0.1483584304387946,0.06950067991076028,0.10302231403902261,0.11878756290644142,0.13119701551586577
channel3,0.13916771353704638,0.41678796706900517,1.0,0.47123296562711664,0.13666799164449933,0.13210557833868228,0.12561934728552485,0.1069783930524196
channel4,0.06308431727372492,0.1483584304387946,0.47123296562711664,1.0,0.3857538308586525,0.15594652432684342,0.09349097143128582,0.0632383102004344
channel5,0.0435187686435761,0.06950067991076028,0.13666799164449933,0.3857538308586525,1.0,0.33269502335686413,0.1270806269741416,0.050742618118967346
channel6,0.07147088030973174,0.10302231403902261,0.13210557833868228,0.15594652432684342,0.33269502335686413,1.0,0.32276712567840105,0.1085629266965878
channel7,0.10987766735810196,0.11878756290644142,0.12561934728552485,0.09349097143128582,0.1270806269741416,0.32276712567840105,1.0,0.27396322393745043
channel8,0.31889655475676737,0.13119701551586577,0.1069783930524196,0.0632383102004344,0.050742618118967346,0.1085629266965878,0.27396322393745043,1.0
