,channel1,channel2,channel3,channel4,channel5,channel6,channel7,channel8
channel1,1.0,0.35623583490350713,0.1391677111930224,0.06308431652829234,0.04351876841608858,0.07147088126049395,0.10987766855229969,0.3188965549292053
channel2,0.35623583490350713,1.0,0.4167879631573318,0.14835842912969863,0.06950067955889562,0.10302231648947928,0.11878756587528644,0.1311970159032108
channel3,0.1391677111930224,0.4167879631573318,1.0,0.471232965470639,0.13666799151385983,0.13210558076081824,0.12561935012579223,0.10697839332428777
channel4,0.06308431652829234,0.14835842912969863,0.471232965470639,1.0,0.38575383081026343,0.15594652496078132,0.09349097216132608,0.0632383101966266
channel5,0.04351876841608858,0.06950067955889562,0.13666799151385983,0.38575383081026343,1.0,0.33269502364388326,0.12708062724766264,0.05074261811359074
channel6,0.07147088126049395,0.10302231648947928,0.13210558076081824,0.15594652496078132,0.33269502364388326,1.0,0.32276712519208706,0.10856292674845659
channel7,0.10987766855229969,0.11878756587528644,0.12561935012579223,0.09349097216132608,0.12708062724766264,0.32276712519208706,1.0,0.27396322407891005
channel8,0.3188965549292053,0.1311970159032108,0.10697839332428777,0.0632383101966266,0.05074261811359074,0.10856292674845659,0.27396322407891005,1.0
