,ruleScoreTAUT,cumul_Interaction,cumul_difficultProblemCountWE,cumul_WrongSemanticsApp,cumul_InDirectProofActionCount,cumul_actionCount,cumul_PreviousStepClickCountWE,CurrPro_avgProbTimeDeviationWE
ruleScoreTAUT,1.0,-0.4072341044152994,0.11441145251090695,-0.3140711982333675,,-0.4106175263534965,,0.2902567905570991
cumul_Interaction,-0.4072341044152994,1.0,-0.030210272620051822,0.8267506072715677,,0.9705559140360313,,-0.44436185448709775
cumul_difficultProblemCountWE,0.11441145251090695,-0.030210272620051822,1.0,-0.061263575659042536,,-0.011677048879309322,,-0.14581485336673225
cumul_WrongSemanticsApp,-0.3140711982333675,0.8267506072715677,-0.061263575659042536,1.0,,0.827858247308095,,-0.3300383473930187
cumul_InDirectProofActionCount,,,,,,,,
cumul_actionCount,-0.4106175263534965,0.9705559140360313,-0.011677048879309322,0.827858247308095,,1.0,,-0.4576748658194306
cumul_PreviousStepClickCountWE,,,,,,,,
CurrPro_avgProbTimeDeviationWE,0.2902567905570991,-0.44436185448709775,-0.14581485336673225,-0.3300383473930187,,-0.4576748658194306,,1.0
